category,subcategory,title,price,prod_url,image_url,description,reviews,rating,important_detail,source_page
Computers,Laptops,Packard 255 G2,416.99,https://webscraper.io/test-sites/e-commerce/static/product/31,https://webscraper.io/images/test-sites/e-commerce/items/cart2.png,"15.6"", AMD E2-3800 1.3GHz, 4GB, 500GB, Windows 8.1",2,2,HDD (128 / 256 / 512 / 1024),1
Computers,Laptops,Aspire E1-510,306.99,https://webscraper.io/test-sites/e-commerce/static/product/32,https://webscraper.io/images/test-sites/e-commerce/items/cart2.png,"15.6"", Pentium N3520 2.16GHz, 4GB, 500GB, Linux",2,3,HDD (128 / 256 / 512 / 1024),1
Computers,Laptops,ThinkPad T540p,1178.99,https://webscraper.io/test-sites/e-commerce/static/product/33,https://webscraper.io/images/test-sites/e-commerce/items/cart2.png,"15.6"", Core i5-4200M, 4GB, 500GB, Win7 Pro 64bit",2,1,HDD (128 / 256 / 512 / 1024),1
Computers,Laptops,ProBook,739.99,https://webscraper.io/test-sites/e-commerce/static/product/34,https://webscraper.io/images/test-sites/e-commerce/items/cart2.png,"14"", Core i5 2.6GHz, 4GB, 500GB, Win7 Pro 64bit",8,4,HDD (128 / 256 / 512 / 1024),1
Computers,Laptops,ThinkPad X240,1311.99,https://webscraper.io/test-sites/e-commerce/static/product/35,https://webscraper.io/images/test-sites/e-commerce/items/cart2.png,"12.5"", Core i5-4300U, 8GB, 240GB SSD, Win7 Pro 64bit",12,3,HDD (128 / 256 / 512 / 1024),1
Computers,Laptops,Aspire E1-572G,581.99,https://webscraper.io/test-sites/e-commerce/static/product/36,https://webscraper.io/images/test-sites/e-commerce/items/cart2.png,"15.6"", Core i5-4200U, 8GB, 1TB, Radeon R7 M265, Windows 8.1",2,1,HDD (128 / 256 / 512 / 1024),1
Computers,Laptops,ThinkPad Yoga,1033.99,https://webscraper.io/test-sites/e-commerce/static/product/37,https://webscraper.io/images/test-sites/e-commerce/items/cart2.png,"12.5"" Touch, Core i3-4010U, 4GB, 500GB + 16GB SSD Cache,",13,2,HDD (128 / 256 / 512 / 1024),2
Computers,Laptops,Pavilion,609.99,https://webscraper.io/test-sites/e-commerce/static/product/38,https://webscraper.io/images/test-sites/e-commerce/items/cart2.png,"15.6"", Core i5-4200U, 6GB, 750GB, Windows 8.1",4,1,HDD (128 / 256 / 512 / 1024),2
Computers,Laptops,Inspiron 15,745.99,https://webscraper.io/test-sites/e-commerce/static/product/39,https://webscraper.io/images/test-sites/e-commerce/items/cart2.png,"Moon Silver, 15.6"", Core i7-4510U, 8GB, 1TB, Radeon HD R7 M265 2GB,",12,3,HDD (128 / 256 / 512 / 1024),2
Computers,Laptops,Dell XPS 13,1281.99,https://webscraper.io/test-sites/e-commerce/static/product/40,https://webscraper.io/images/test-sites/e-commerce/items/cart2.png,"13.3"" Touch, Core i5-4210U, 8GB, 128GB SSD, Windows 8.1",4,3,HDD (128 / 256 / 512 / 1024),2
Computers,Laptops,ThinkPad X230,1244.99,https://webscraper.io/test-sites/e-commerce/static/product/41,https://webscraper.io/images/test-sites/e-commerce/items/cart2.png,"12.5"", Core i5 2.6GHz, 8GB, 180GB SSD, Win7 Pro 64bit",10,3,HDD (128 / 256 / 512 / 1024),2
Computers,Laptops,HP 250 G3,520.99,https://webscraper.io/test-sites/e-commerce/static/product/42,https://webscraper.io/images/test-sites/e-commerce/items/cart2.png,"15.6"", Core i5-4210U, 4GB, 500GB, Windows 8.1",13,2,HDD (128 / 256 / 512 / 1024),2
Computers,Laptops,ThinkPad Yoga,1223.99,https://webscraper.io/test-sites/e-commerce/static/product/43,https://webscraper.io/images/test-sites/e-commerce/items/cart2.png,"12.5"" Touch, Core i5 4200U, 8GB, 500GB + 16GB SSD Cache, Windows",2,3,HDD (128 / 256 / 512 / 1024),3
Computers,Laptops,HP 350 G1,577.99,https://webscraper.io/test-sites/e-commerce/static/product/44,https://webscraper.io/images/test-sites/e-commerce/items/cart2.png,"15.6"", Core i5-4200U, 4GB, 750GB, Radeon HD8670M 2GB, Windows",10,2,HDD (128 / 256 / 512 / 1024),3
Computers,Laptops,Asus VivoBook Max,399,https://webscraper.io/test-sites/e-commerce/static/product/45,https://webscraper.io/images/test-sites/e-commerce/items/cart2.png,"Asus VivoBook Max X541NA-GQ041 Black Chocolate, 15.6"" HD, Pentium N4200 1.1GHz, 4GB, 500GB, Windows 10 Home",4,1,HDD (128 / 256 / 512 / 1024),3
Computers,Laptops,Dell Vostro 15,488.78,https://webscraper.io/test-sites/e-commerce/static/product/46,https://webscraper.io/images/test-sites/e-commerce/items/cart2.png,"Dell Vostro 15 (3568) Black, 15.6"" FHD, Core i5-7200U, 4GB, 128GB SSD, Radeon R5 M420 2GB, Linux",14,4,HDD (128 / 256 / 512 / 1024),3
Computers,Laptops,Acer Spin 5,564.98,https://webscraper.io/test-sites/e-commerce/static/product/47,https://webscraper.io/images/test-sites/e-commerce/items/cart2.png,"Acer Spin 5 SP513-51 Black, 13.3"" FHD Touch, Core i3-7100U, 4GB, 128GB SSD, Windows 10 Home",0,2,HDD (128 / 256 / 512 / 1024),3
Computers,Laptops,Acer Aspire A515-51-5654,679,https://webscraper.io/test-sites/e-commerce/static/product/48,https://webscraper.io/images/test-sites/e-commerce/items/cart2.png,"Acer Aspire A515-51-5654, Black, 15.6"", FHD, Core i5-8250U, 8GB DDR4, 256GB SSD, Windows 10 Home, ENG",9,2,HDD (128 / 256 / 512 / 1024),3
Computers,Laptops,Dell Inspiron 15,679,https://webscraper.io/test-sites/e-commerce/static/product/49,https://webscraper.io/images/test-sites/e-commerce/items/cart2.png,"Dell Inspiron 15 (5567) Fog Gray, 15.6"" FHD, Core i5-7200U, 8GB, 1TB, Radeon R7 M445 4GB, Linux",7,2,HDD (128 / 256 / 512 / 1024),4
Computers,Laptops,Asus VivoBook S14,729,https://webscraper.io/test-sites/e-commerce/static/product/50,https://webscraper.io/images/test-sites/e-commerce/items/cart2.png,"Asus VivoBook S14 (S406UA-BV041T) Starry Grey, 14"", Core i5-8250U, 8GB, 256GB SSD, Windows 10 Home, Eng kbd",2,1,HDD (128 / 256 / 512 / 1024),4
Computers,Laptops,Asus ROG STRIX GL553VD-DM256,799,https://webscraper.io/test-sites/e-commerce/static/product/51,https://webscraper.io/images/test-sites/e-commerce/items/cart2.png,"Asus ROG STRIX GL553VD-DM256, 15.6"" FHD, Core i5-7300HQ, 8GB, 1TB, GeForce GTX 1050 2GB, No OS",7,2,HDD (128 / 256 / 512 / 1024),4
Computers,Laptops,Acer Nitro 5 AN515-51,809,https://webscraper.io/test-sites/e-commerce/static/product/52,https://webscraper.io/images/test-sites/e-commerce/items/cart2.png,"Acer Nitro 5 AN515-51, 15.6"" FHD IPS, Core i5-7300HQ, 8GB, 1TB, GeForce GTX 1050 2GB, Windows 10 Home",0,1,HDD (128 / 256 / 512 / 1024),4
Computers,Laptops,Asus ROG STRIX GL553VD-DM256,899,https://webscraper.io/test-sites/e-commerce/static/product/53,https://webscraper.io/images/test-sites/e-commerce/items/cart2.png,"Asus ROG STRIX GL553VD-DM256, 15.6"" FHD, Core i5-7300HQ, 8GB, 1TB, GeForce GTX 1050 2GB, No OS + Windows 10 Home",7,1,HDD (128 / 256 / 512 / 1024),4
Computers,Laptops,Lenovo ThinkPad L570,999,https://webscraper.io/test-sites/e-commerce/static/product/54,https://webscraper.io/images/test-sites/e-commerce/items/cart2.png,"Lenovo ThinkPad L570, 15.6"" FHD, Core i7-7500U, 8GB, 256GB SSD, Windows 10 Pro",11,3,HDD (128 / 256 / 512 / 1024),4
Computers,Laptops,Lenovo Legion Y520-15IKBM,1149,https://webscraper.io/test-sites/e-commerce/static/product/55,https://webscraper.io/images/test-sites/e-commerce/items/cart2.png,"Lenovo Legion Y520-15IKBM, 15.6"" FHD IPS, Core i7-7700HQ, 8GB, 128GB SSD + 1TB, GeForce GTX 1060 Max-Q 6GB, DOS",11,3,HDD (128 / 256 / 512 / 1024),5
Computers,Laptops,Lenovo Legion Y720,1399,https://webscraper.io/test-sites/e-commerce/static/product/56,https://webscraper.io/images/test-sites/e-commerce/items/cart2.png,"Lenovo Legion Y720, 15.6"" FHD IPS, Core i7-7700HQ, 8GB, 128GB SSD + 2TB HDD, GeForce GTX 1060 6GB, DOS, RGB backlit keyboard",8,3,HDD (128 / 256 / 512 / 1024),5
Computers,Laptops,Asus ROG Strix GL702ZC-GC154T,1769,https://webscraper.io/test-sites/e-commerce/static/product/57,https://webscraper.io/images/test-sites/e-commerce/items/cart2.png,"Asus ROG Strix GL702ZC-GC154T, 17.3"" FHD, Ryzen 7 1700, 16GB, 256GB + 1TB HDD, Radeon RX 580 4GB, Windows 10 Home",7,4,HDD (128 / 256 / 512 / 1024),5
Computers,Laptops,Asus ROG Strix GL702ZC-GC209T,1769,https://webscraper.io/test-sites/e-commerce/static/product/58,https://webscraper.io/images/test-sites/e-commerce/items/cart2.png,"Asus ROG Strix GL702ZC-GC209T, 17.3"" FHD IPS, Ryzen 7 1700, 16GB, 256GB SSD + 1TB HDD, Radeon RX 580 4GB, Windows 10 Home",8,1,HDD (128 / 256 / 512 / 1024),5
Computers,Laptops,Asus ROG Strix SCAR Edition GL503VM-ED115T,1799,https://webscraper.io/test-sites/e-commerce/static/product/59,https://webscraper.io/images/test-sites/e-commerce/items/cart2.png,"Asus ROG Strix SCAR Edition GL503VM-ED115T, 15.6"" FHD 120Hz, Core i7-7700HQ, 16GB, 256GB SSD + 1TB SSHD, GeForce GTX 1060 6GB, Windows 10 Home",8,3,HDD (128 / 256 / 512 / 1024),5
Computers,Laptops,Asus VivoBook X441NA-GA190,295.99,https://webscraper.io/test-sites/e-commerce/static/product/60,https://webscraper.io/images/test-sites/e-commerce/items/cart2.png,"Asus VivoBook X441NA-GA190 Chocolate Black, 14"", Celeron N3450, 4GB, 128GB SSD, Endless OS, ENG kbd",14,3,HDD (128 / 256 / 512 / 1024),5
Computers,Laptops,Prestigio SmartBook 133S Dark Grey,299,https://webscraper.io/test-sites/e-commerce/static/product/61,https://webscraper.io/images/test-sites/e-commerce/items/cart2.png,"Prestigio SmartBook 133S Dark Grey, 13.3"" FHD IPS, Celeron N3350 1.1GHz, 4GB, 32GB, Windows 10 Pro + Office 365 1 gadam",8,2,HDD (128 / 256 / 512 / 1024),6
Computers,Laptops,Prestigio SmartBook 133S Gold,299,https://webscraper.io/test-sites/e-commerce/static/product/62,https://webscraper.io/images/test-sites/e-commerce/items/cart2.png,"Prestigio SmartBook 133S Gold, 13.3"" FHD IPS, Celeron N3350 1.1GHz, 4GB, 32GB, Windows 10 Pro + Office 365 1 gadam",12,4,HDD (128 / 256 / 512 / 1024),6
Computers,Laptops,Lenovo V110-15IAP,321.94,https://webscraper.io/test-sites/e-commerce/static/product/63,https://webscraper.io/images/test-sites/e-commerce/items/cart2.png,"Lenovo V110-15IAP, 15.6"" HD, Celeron N3350 1.1GHz, 4GB, 128GB SSD, Windows 10 Home",5,3,HDD (128 / 256 / 512 / 1024),6
Computers,Laptops,Lenovo V110-15IAP,356.49,https://webscraper.io/test-sites/e-commerce/static/product/64,https://webscraper.io/images/test-sites/e-commerce/items/cart2.png,"Asus VivoBook 15 X540NA-GQ008T Chocolate Black, 15.6"" HD, Pentium N4200, 4GB, 500GB, Windows 10 Home, En kbd",6,2,HDD (128 / 256 / 512 / 1024),6
Computers,Laptops,Hewlett Packard 250 G6 Dark Ash Silver,364.46,https://webscraper.io/test-sites/e-commerce/static/product/65,https://webscraper.io/images/test-sites/e-commerce/items/cart2.png,"Hewlett Packard 250 G6 Dark Ash Silver, 15.6"" HD, Celeron N3060 1.6GHz, 4GB, 128GB SSD, DOS",12,1,HDD (128 / 256 / 512 / 1024),6
Computers,Laptops,Acer Aspire 3 A315-31 Black,372.7,https://webscraper.io/test-sites/e-commerce/static/product/66,https://webscraper.io/images/test-sites/e-commerce/items/cart2.png,"Acer Aspire 3 A315-31 Black, 15.6"" HD, Celeron N3350 1.1GHz, 4GB, 128GB SSD, Windows 10 Home",2,2,HDD (128 / 256 / 512 / 1024),6
Computers,Laptops,Acer Aspire A315-31-C33J,379.94,https://webscraper.io/test-sites/e-commerce/static/product/67,https://webscraper.io/images/test-sites/e-commerce/items/cart2.png,"Acer Aspire A315-31-C33J Black 15.6"", HD, Celeron N3350, 4GB DDR3L, 128GB, Windows 10 Home, ENG",0,2,HDD (128 / 256 / 512 / 1024),7
Computers,Laptops,Acer Aspire ES1-572 Black,379.95,https://webscraper.io/test-sites/e-commerce/static/product/68,https://webscraper.io/images/test-sites/e-commerce/items/cart2.png,"Acer Aspire ES1-572 Black, 15.6"" HD, Core i3-6006U, 4GB, 128GB SSD, Linux",9,4,HDD (128 / 256 / 512 / 1024),7
Computers,Laptops,Acer Aspire 3 A315-31 Black,391.48,https://webscraper.io/test-sites/e-commerce/static/product/69,https://webscraper.io/images/test-sites/e-commerce/items/cart2.png,"Acer Aspire 3 A315-31 Black, 15.6"" HD, Pentium N4200 1.1GHz, 4GB, 128GB SSD, Windows 10 Home",10,4,HDD (128 / 256 / 512 / 1024),7
Computers,Laptops,Acer Aspire 3 A315-21,393.88,https://webscraper.io/test-sites/e-commerce/static/product/70,https://webscraper.io/images/test-sites/e-commerce/items/cart2.png,"Acer Aspire 3 A315-21, 15.6"", AMD A4-9120. 4GB. 128GB SSD, Linux",9,3,HDD (128 / 256 / 512 / 1024),7
Computers,Laptops,Asus VivoBook E502NA-GO022T Dark Blue,399.99,https://webscraper.io/test-sites/e-commerce/static/product/71,https://webscraper.io/images/test-sites/e-commerce/items/cart2.png,"Asus VivoBook E502NA-GO022T Dark Blue, 15.6"" HD, Pentium N4200 1.1GHz, 4GB, 128GB SSD, Windows 10 Home, En/Ru kbd",3,4,HDD (128 / 256 / 512 / 1024),7
Computers,Laptops,Lenovo ThinkPad E31-80,404.23,https://webscraper.io/test-sites/e-commerce/static/product/72,https://webscraper.io/images/test-sites/e-commerce/items/cart2.png,"Lenovo ThinkPad E31-80, 13.3"" HD, Celeron 3855U 1.6GHz, 4GB, 128GB SSD, Windows 10 Home",12,1,HDD (128 / 256 / 512 / 1024),7
Computers,Laptops,Acer Aspire 3 A315-31 Black,408.98,https://webscraper.io/test-sites/e-commerce/static/product/73,https://webscraper.io/images/test-sites/e-commerce/items/cart2.png,"Acer Aspire 3 A315-31 Black, 15.6"" HD, Pentium N4200 1.1GHz, 4GB, 128GB SSD, Windows 10 Home",10,4,HDD (128 / 256 / 512 / 1024),8
Computers,Laptops,Lenovo V110-15ISK,409.63,https://webscraper.io/test-sites/e-commerce/static/product/74,https://webscraper.io/images/test-sites/e-commerce/items/cart2.png,"Lenovo V110-15ISK, 15.6"" HD, Core i3-6006U, 8GB, 128GB SSD, Windows 10 Home",9,3,HDD (128 / 256 / 512 / 1024),8
Computers,Laptops,Acer Aspire ES1-732 Black,410.46,https://webscraper.io/test-sites/e-commerce/static/product/75,https://webscraper.io/images/test-sites/e-commerce/items/cart2.png,"Acer Aspire ES1-732 Black, 17.3"" HD+, Celeron, N3350, 4GB, 1TB, Windows 10 Home",14,4,HDD (128 / 256 / 512 / 1024),8
Computers,Laptops,Asus VivoBook 15 X540NA-GQ026T,410.66,https://webscraper.io/test-sites/e-commerce/static/product/76,https://webscraper.io/images/test-sites/e-commerce/items/cart2.png,"Asus VivoBook 15 X540NA-GQ026T Chocolate Black, 15.6"" HD, Pentium N4200, 4GB, 128GB SSD, Windows 10 Home, En/Ru kbd",4,4,HDD (128 / 256 / 512 / 1024),8
Computers,Laptops,Asus EeeBook R416NA-FA014T,433.3,https://webscraper.io/test-sites/e-commerce/static/product/77,https://webscraper.io/images/test-sites/e-commerce/items/cart2.png,"Asus EeeBook R416NA-FA014T, 14"" FHD, Pentium N4200, 4GB, 128GB eMMC, Windows 10 Home, Eng kbd",1,1,HDD (128 / 256 / 512 / 1024),8
Computers,Laptops,Acer Aspire 3 A315-51,436.29,https://webscraper.io/test-sites/e-commerce/static/product/78,https://webscraper.io/images/test-sites/e-commerce/items/cart2.png,"Acer Aspire 3 A315-51, 15.6"" HD, Core i3-6006U, 4GB, 1TB, Windows 10 Home",1,1,HDD (128 / 256 / 512 / 1024),8
Computers,Laptops,Acer Aspire ES1-572 Black,436.29,https://webscraper.io/test-sites/e-commerce/static/product/79,https://webscraper.io/images/test-sites/e-commerce/items/cart2.png,"Acer Aspire ES1-572 Black, 15.6"" HD, Core i3-6006U, 4GB, 500GB, Windows 10 Home",2,1,HDD (128 / 256 / 512 / 1024),9
Computers,Laptops,Acer Extensa 15 (2540) Black,439.73,https://webscraper.io/test-sites/e-commerce/static/product/80,https://webscraper.io/images/test-sites/e-commerce/items/cart2.png,"Acer Extensa 15 (2540) Black, 15.6"" HD, Core i5-7200U, 4GB, 500GB, Linux",6,4,HDD (128 / 256 / 512 / 1024),9
Computers,Laptops,Acer Aspire ES1-572 Black,454.62,https://webscraper.io/test-sites/e-commerce/static/product/81,https://webscraper.io/images/test-sites/e-commerce/items/cart2.png,"Acer Aspire ES1-572 Black, 15.6"" HD, Core i5-7200U, 4GB, 500GB, Linux",9,1,HDD (128 / 256 / 512 / 1024),9
Computers,Laptops,Lenovo V110-15ISK,454.73,https://webscraper.io/test-sites/e-commerce/static/product/82,https://webscraper.io/images/test-sites/e-commerce/items/cart2.png,"Lenovo V110-15ISK, 15.6"" HD, Core i3-6006U, 4GB, 128GB SSD, Windows 10 Pro",2,2,HDD (128 / 256 / 512 / 1024),9
Computers,Laptops,Acer Aspire A315-51-33TG,457.38,https://webscraper.io/test-sites/e-commerce/static/product/83,https://webscraper.io/images/test-sites/e-commerce/items/cart2.png,"Acer Aspire A315-51-33TG, Black 15.6"" HD, Core i3-7100U, 4GB DDR4, 128GB SSD, Windows 10 Home, ENG",9,3,HDD (128 / 256 / 512 / 1024),9
Computers,Laptops,Lenovo V110-15IKB,465.95,https://webscraper.io/test-sites/e-commerce/static/product/84,https://webscraper.io/images/test-sites/e-commerce/items/cart2.png,"Lenovo V110-15IKB, 15.6"" HD, Core i5-7200U, 4GB, 500GB, DOS",7,1,HDD (128 / 256 / 512 / 1024),9
Computers,Laptops,Asus VivoBook 15 X540UA-DM260 Chocolate Black,468.56,https://webscraper.io/test-sites/e-commerce/static/product/85,https://webscraper.io/images/test-sites/e-commerce/items/cart2.png,"Asus VivoBook 15 X540UA-DM260 Chocolate Black, 15.6"" FHD, Core i3-6006U, 4GB, 256GB SSD, Endless OS, En kbd",1,3,HDD (128 / 256 / 512 / 1024),10
Computers,Laptops,Acer Aspire ES1-572 Black,469.1,https://webscraper.io/test-sites/e-commerce/static/product/86,https://webscraper.io/images/test-sites/e-commerce/items/cart2.png,"Acer Aspire ES1-572 Black, 15.6"" HD, Core i3-6006U, 4GB, 128GB SSD, Windows 10 Home",5,3,HDD (128 / 256 / 512 / 1024),10
Computers,Laptops,Lenovo V510 Black,484.23,https://webscraper.io/test-sites/e-commerce/static/product/87,https://webscraper.io/images/test-sites/e-commerce/items/cart2.png,"Lenovo V510 Black, 14"" HD, Core i3-6006U, 4GB, 128GB SSD, Windows 10 Home",8,3,HDD (128 / 256 / 512 / 1024),10
Computers,Laptops,Acer Aspire ES1-572 Black,485.9,https://webscraper.io/test-sites/e-commerce/static/product/88,https://webscraper.io/images/test-sites/e-commerce/items/cart2.png,"Acer Aspire ES1-572 Black, 15.6"" HD, Core i5-7200U, 4GB, 128GB SSD, Linux",6,3,HDD (128 / 256 / 512 / 1024),10
Computers,Laptops,Lenovo V510 Black,487.8,https://webscraper.io/test-sites/e-commerce/static/product/89,https://webscraper.io/images/test-sites/e-commerce/items/cart2.png,"Lenovo V510 Black, 15.6"" HD, Core i3-6006U, 4GB, 128GB SSD, Windows 10 Home",9,2,HDD (128 / 256 / 512 / 1024),10
Computers,Laptops,Acer Swift 1 SF113-31 Silver,488.64,https://webscraper.io/test-sites/e-commerce/static/product/90,https://webscraper.io/images/test-sites/e-commerce/items/cart2.png,"Acer Swift 1 SF113-31 Silver, 13.3"" FHD, Pentium N4200, 4GB, 128GB SSD, Windows 10 Home",4,3,HDD (128 / 256 / 512 / 1024),10
Computers,Laptops,Acer Aspire 3 A315-51 Black,494.71,https://webscraper.io/test-sites/e-commerce/static/product/91,https://webscraper.io/images/test-sites/e-commerce/items/cart2.png,"Acer Aspire 3 A315-51 Black, 15.6"" FHD, Core i3-7100U, 4GB, 500GB + 128GB SSD, Windows 10 Home",2,4,HDD (128 / 256 / 512 / 1024),11
Computers,Laptops,Dell Vostro 15 (3568) Red,497.17,https://webscraper.io/test-sites/e-commerce/static/product/92,https://webscraper.io/images/test-sites/e-commerce/items/cart2.png,"Dell Vostro 15 (3568) Red, 15.6"" HD, Core i5-7200U, 4GB, 1TB, Radeon R5 M420 2GB, Linux",9,1,HDD (128 / 256 / 512 / 1024),11
Computers,Laptops,Lenovo V510 Black,498.23,https://webscraper.io/test-sites/e-commerce/static/product/93,https://webscraper.io/images/test-sites/e-commerce/items/cart2.png,"Lenovo V510 Black, 15.6"" FHD, Core i3-7100U, 4GB, 128GB SSD, Windows 10 Pro",5,3,HDD (128 / 256 / 512 / 1024),11
Computers,Laptops,Lenovo ThinkPad L460,1096.02,https://webscraper.io/test-sites/e-commerce/static/product/94,https://webscraper.io/images/test-sites/e-commerce/items/cart2.png,"Lenovo ThinkPad L460, 14"" FHD IPS, Core i7-6600U, 8GB, 256GB SSD, Windows 10 Pro",14,4,HDD (128 / 256 / 512 / 1024),11
Computers,Laptops,Dell Inspiron 15 (7567) Black,1098.42,https://webscraper.io/test-sites/e-commerce/static/product/95,https://webscraper.io/images/test-sites/e-commerce/items/cart2.png,"Dell Inspiron 15 (7567) Black, 15.6"" FHD, Core i5-7300HQ, 8GB, 256GB SSD, GeForce GTX 1050 4GB, Windows 10 Home",7,1,HDD (128 / 256 / 512 / 1024),11
Computers,Laptops,MSI GL72M 7RDX,1099,https://webscraper.io/test-sites/e-commerce/static/product/96,https://webscraper.io/images/test-sites/e-commerce/items/cart2.png,"MSI GL72M 7RDX, 17.3"" FHD, Core i5-7300HQ, 8GB, 1TB + 128GB SSD, GeForce GTX 1050 2GB, Windows 10 Home",1,4,HDD (128 / 256 / 512 / 1024),11
Computers,Laptops,MSI GL72M 7RDX,1099,https://webscraper.io/test-sites/e-commerce/static/product/97,https://webscraper.io/images/test-sites/e-commerce/items/cart2.png,"Asus ROG Strix GL553VD-DM535T, 15.6"" FHD, Core i7-7700HQ, 8GB, 1TB + 128GB SSD, GeForce GTX 1050 2GB, Windows 10 Home, Eng kbd",9,1,HDD (128 / 256 / 512 / 1024),12
Computers,Laptops,Asus ROG Strix GL553VD-DM535T,1101.83,https://webscraper.io/test-sites/e-commerce/static/product/98,https://webscraper.io/images/test-sites/e-commerce/items/cart2.png,"Apple MacBook Air 13.3"", Core i5 1.8GHz, 8GB, 128GB SSD, Intel HD 4000, RUS",4,2,HDD (128 / 256 / 512 / 1024),12
Computers,Laptops,Dell Latitude 5280,1102.66,https://webscraper.io/test-sites/e-commerce/static/product/99,https://webscraper.io/images/test-sites/e-commerce/items/cart2.png,"Dell Latitude 5280, 12.5"" HD, Core i5-7300U, 8GB, 256GB SSD, Windows 10 Pro",8,1,HDD (128 / 256 / 512 / 1024),12
Computers,Laptops,Dell Latitude 5480,1110.14,https://webscraper.io/test-sites/e-commerce/static/product/100,https://webscraper.io/images/test-sites/e-commerce/items/cart2.png,"Dell Latitude 5480, 14"" FHD, Core i5-7300U, 8GB, 500GB, Linux + Windows 10 Home",4,3,HDD (128 / 256 / 512 / 1024),12
Computers,Laptops,Lenovo Legion Y520-15IKBM,1112.91,https://webscraper.io/test-sites/e-commerce/static/product/101,https://webscraper.io/images/test-sites/e-commerce/items/cart2.png,"Lenovo Legion Y520-15IKBM, Black, 15.6"" FHD IPS, Core i5-7300HQ, 8 GB, 128GB SSD + 2 TB HDD, NVIDIA GeForce GTX 1060 6 GB, FreeDOS + Windows 10 Home",1,4,HDD (128 / 256 / 512 / 1024),12
Computers,Laptops,Toshiba Portege Z30-C-16J Grey,1114.55,https://webscraper.io/test-sites/e-commerce/static/product/102,https://webscraper.io/images/test-sites/e-commerce/items/cart2.png,"Toshiba Portege Z30-C-16J Grey, 13.3"" FHD, Core i5-6200U, 8GB, 256GB SSD, Windows 10 Pro",0,1,HDD (128 / 256 / 512 / 1024),12
Computers,Laptops,Acer Predator Helios 300 (PH317-51),1123.87,https://webscraper.io/test-sites/e-commerce/static/product/103,https://webscraper.io/images/test-sites/e-commerce/items/cart2.png,"Acer Predator Helios 300 (PH317-51), 17.3"" FHD IPS, Core i5-7300HQ, 8GB, 1TB + 128GB SSD, GeForce GTX 1050Ti 4GB, Windows 10 Home",1,2,HDD (128 / 256 / 512 / 1024),13
Computers,Laptops,Acer Aspire 7 A715-71G,1123.87,https://webscraper.io/test-sites/e-commerce/static/product/104,https://webscraper.io/images/test-sites/e-commerce/items/cart2.png,"Acer Aspire 7 A715-71G, 15.6"" FHD IPS, Core i7-7700HQ, 8GB, 128GB SSD + 1TB HDD, GTX 1050 Ti 4GB, Windows 10 Home",4,2,HDD (128 / 256 / 512 / 1024),13
Computers,Laptops,Dell Inspiron 17 2in1 (7779) Silver,1124.2,https://webscraper.io/test-sites/e-commerce/static/product/105,https://webscraper.io/images/test-sites/e-commerce/items/cart2.png,"Dell Inspiron 17 2in1 (7779) Silver, 17.3"" FHD Touch, Core i5-7200U, 12GB, 1TB, GeForce GT940MX 2GB, Windows 10 Home",10,3,HDD (128 / 256 / 512 / 1024),13
Computers,Laptops,Dell Latitude 5480,1133.82,https://webscraper.io/test-sites/e-commerce/static/product/106,https://webscraper.io/images/test-sites/e-commerce/items/cart2.png,"Dell Latitude 5480, 14"" FHD, Core i5-7300U, 8GB, 500GB, Windows 10 Pro",14,4,HDD (128 / 256 / 512 / 1024),13
Computers,Laptops,Lenovo Legion Y520,1133.91,https://webscraper.io/test-sites/e-commerce/static/product/107,https://webscraper.io/images/test-sites/e-commerce/items/cart2.png,"Lenovo Legion Y520, 15.6"" FHD, Core i7-7700HQ, 8GB, 128 GB SSD + 1TB HDD, GTX 1050 4GB, Windows 10 Home",13,1,HDD (128 / 256 / 512 / 1024),13
Computers,Laptops,Asus AsusPro Advanced BU401LA-FA271G Dark Grey,1139.54,https://webscraper.io/test-sites/e-commerce/static/product/108,https://webscraper.io/images/test-sites/e-commerce/items/cart2.png,"Asus AsusPro Advanced BU401LA-FA271G Dark Grey, 14"", Core i5-4210U, 4GB, 128GB SSD, Win7 Pro 64bit, ENG",7,3,HDD (128 / 256 / 512 / 1024),13
Computers,Laptops,Acer Nitro 5 AN515-51,1140.62,https://webscraper.io/test-sites/e-commerce/static/product/109,https://webscraper.io/images/test-sites/e-commerce/items/cart2.png,"Acer Nitro 5 AN515-51, 15.6"" FHD IPS, Core i7-7700HQ, 8GB, 256GB SSD +1TB, GeForce GTX 1050 Ti 4GB, Windows 10 Home + Windows 10 Home",14,3,HDD (128 / 256 / 512 / 1024),14
Computers,Laptops,Dell Latitude 5480,1143.4,https://webscraper.io/test-sites/e-commerce/static/product/110,https://webscraper.io/images/test-sites/e-commerce/items/cart2.png,"Dell Latitude 5480, 14"" FHD, Core i5-7440HQ, 8GB, 256GB SSD, Windows 10 Pro",5,4,HDD (128 / 256 / 512 / 1024),14
Computers,Laptops,Dell Inspiron 15 (7567) Black,1144.2,https://webscraper.io/test-sites/e-commerce/static/product/111,https://webscraper.io/images/test-sites/e-commerce/items/cart2.png,"Dell Inspiron 15 (7567) Black, 15.6"" FHD, Core i7-7700HQ, 8GB, 1TB, GeForce GTX 1050 Ti 4GB, Linux + Windows 10 Home",2,1,HDD (128 / 256 / 512 / 1024),14
Computers,Laptops,Dell Latitude 5580,1144.4,https://webscraper.io/test-sites/e-commerce/static/product/112,https://webscraper.io/images/test-sites/e-commerce/items/cart2.png,"Dell Latitude 5580, 15.6"" FHD, Core i5-7300U, 8GB, 256GB SSD, Windows 10 Pro",10,3,HDD (128 / 256 / 512 / 1024),14
Computers,Laptops,MSI GP62M 7RDX Leopard,1149,https://webscraper.io/test-sites/e-commerce/static/product/113,https://webscraper.io/images/test-sites/e-commerce/items/cart2.png,"MSI GP62M 7RDX Leopard, 15.6"" FHD, Core i7-7700HQ, 8GB, 1TB + 128GB SSD, GeForce GTX 1050 2GB, Windows 10 Home",11,1,HDD (128 / 256 / 512 / 1024),14
Computers,Laptops,Lenovo Yoga 720 Grey,1149.73,https://webscraper.io/test-sites/e-commerce/static/product/114,https://webscraper.io/images/test-sites/e-commerce/items/cart2.png,"Lenovo Yoga 720 Grey, 15.6"" FHD IPS, Core i5-7300HQ, 8GB, 256GB SSD, GeForce GTX 1050 2GB, Windows 10 Home",12,2,HDD (128 / 256 / 512 / 1024),14
Computers,Laptops,Toshiba Portege Z30-C-16L Grey,1154.04,https://webscraper.io/test-sites/e-commerce/static/product/115,https://webscraper.io/images/test-sites/e-commerce/items/cart2.png,"Toshiba Portege Z30-C-16L Grey, 13.3"" FHD, Core i7-6500U, 8GB, 256GB SSD, Windows 10 Pro",7,1,HDD (128 / 256 / 512 / 1024),15
Computers,Laptops,Acer TravelMate P645-S-511A Black,1170.1,https://webscraper.io/test-sites/e-commerce/static/product/116,https://webscraper.io/images/test-sites/e-commerce/items/cart2.png,"Acer TravelMate P645-S-511A Black, 14"" FHD IPS, Core i5-5200U, 8GB, 256GB SSD, 3G, Windows 10 Pro",0,1,HDD (128 / 256 / 512 / 1024),15
Computers,Laptops,Dell Latitude 5580,1178.19,https://webscraper.io/test-sites/e-commerce/static/product/117,https://webscraper.io/images/test-sites/e-commerce/items/cart2.png,"Dell Latitude 5580, 15.6"" FHD, Core i5-7300U, 16GB, 256GB SSD, Linux + Windows 10 Home",6,3,HDD (128 / 256 / 512 / 1024),15
Computers,Laptops,MSI GS63 7RD Stealth,1179,https://webscraper.io/test-sites/e-commerce/static/product/118,https://webscraper.io/images/test-sites/e-commerce/items/cart2.png,"MSI GS63 7RD Stealth, 15.6"" FHD IPS, Core i7-7700HQ, 8GB, 256GB SSD, GeForce GTX 1050 2GB, DOS + Windows 10 Home",2,1,HDD (128 / 256 / 512 / 1024),15
Computers,Laptops,Dell Latitude 5480,1187.88,https://webscraper.io/test-sites/e-commerce/static/product/119,https://webscraper.io/images/test-sites/e-commerce/items/cart2.png,"Dell Latitude 5480, 14"" FHD, Core i5-7300U, 8GB, 256GB SSD, Windows 10 Pro",5,3,HDD (128 / 256 / 512 / 1024),15
Computers,Laptops,Acer Predator Helios 300 (PH317-51),1187.98,https://webscraper.io/test-sites/e-commerce/static/product/120,https://webscraper.io/images/test-sites/e-commerce/items/cart2.png,"Acer Predator Helios 300 (PH317-51), 17.3"" FHD IPS, Core i7-7700HQ. 8GB, 128GB SSD +1TB, GeForce GTX 1050Ti 4GB, Linux + Windows 10 Home",14,3,HDD (128 / 256 / 512 / 1024),15
Computers,Laptops,MSI GL62M 7REX,1199,https://webscraper.io/test-sites/e-commerce/static/product/121,https://webscraper.io/images/test-sites/e-commerce/items/cart2.png,"MSI GL62M 7REX, 15.6"" FHD, Core i7-7700HQ, 8GB, 1TB + 128GB SSD, GeForce GTX 1050 Ti 2GB, Windows 10 Home",7,1,HDD (128 / 256 / 512 / 1024),16
Computers,Laptops,MSI GL62M 7REX2,1199,https://webscraper.io/test-sites/e-commerce/static/product/122,https://webscraper.io/images/test-sites/e-commerce/items/cart2.png,"MSI GL62M 7REX2, 15.6"" FHD, Core i7-7700HQ, 8GB, 1TB + 128GB SSD, GeForce GTX 1050 Ti 2GB, Windows 10 Home",12,2,HDD (128 / 256 / 512 / 1024),16
Computers,Laptops,Lenovo Yoga 910 Grey,1199.73,https://webscraper.io/test-sites/e-commerce/static/product/123,https://webscraper.io/images/test-sites/e-commerce/items/cart2.png,"Lenovo Yoga 910 Grey, 13.9"" FHD Touch, Core i5-7200U, 8GB, 256GB SSD, Windows 10 Home",7,3,HDD (128 / 256 / 512 / 1024),16
Computers,Laptops,Toshiba Portege X30-D-10J Black/Blue,1203.41,https://webscraper.io/test-sites/e-commerce/static/product/124,https://webscraper.io/images/test-sites/e-commerce/items/cart2.png,"Toshiba Portege X30-D-10J Black/Blue, 13.3"" FHD IPS, Core i5-7200U, 8GB, 256GB SSD, Windows 10 Pro",13,4,HDD (128 / 256 / 512 / 1024),16
Computers,Laptops,Lenovo IdeaPad Miix 510 Platinum Silver,1212.16,https://webscraper.io/test-sites/e-commerce/static/product/125,https://webscraper.io/images/test-sites/e-commerce/items/cart2.png,"Lenovo IdeaPad Miix 510 Platinum Silver, 12.2"" IPS Touch, Core i5-7200U, 8GB, 256GB SSD, 4G, Windows 10 Pro",0,4,HDD (128 / 256 / 512 / 1024),16
Computers,Laptops,Acer Predator Helios 300 (PH317-51),1221.58,https://webscraper.io/test-sites/e-commerce/static/product/126,https://webscraper.io/images/test-sites/e-commerce/items/cart2.png,"Acer Predator Helios 300 (PH317-51), 17.3"" FHD IPS, Core i7-7700HQ, 8GB, 1TB + 128GB SSD, GeForce GTX 1050 Ti 4GB, Windows 10 Home",9,1,HDD (128 / 256 / 512 / 1024),16
Computers,Laptops,Asus VivoBook Pro 15 N580VN-FI006T Gold Metal,1235.49,https://webscraper.io/test-sites/e-commerce/static/product/127,https://webscraper.io/images/test-sites/e-commerce/items/cart2.png,"Asus VivoBook Pro 15 N580VN-FI006T Gold Metal, 15.6"" UHD, Core i7-7700HQ, 16GB, 1TB + 256GB SSD, GeForce MX150 2GB, Windows 10 Home, Eng kbd",10,2,HDD (128 / 256 / 512 / 1024),17
Computers,Laptops,Dell Latitude 5480,1238.37,https://webscraper.io/test-sites/e-commerce/static/product/128,https://webscraper.io/images/test-sites/e-commerce/items/cart2.png,"Dell Latitude 5480, 14"" FHD, Core i7-7600U, 8GB, 256GB SSD, Linux",0,2,HDD (128 / 256 / 512 / 1024),17
Computers,Laptops,Asus ZenBook UX530UX-FY040T Blue,1239.2,https://webscraper.io/test-sites/e-commerce/static/product/129,https://webscraper.io/images/test-sites/e-commerce/items/cart2.png,"Asus ZenBook UX530UX-FY040T Blue, 15.6"" FHD, Core i7-7500U, 8GB, 512GB SSD, GeForce GTX950M 2GB, Windows 10 Home, Eng kbd",14,1,HDD (128 / 256 / 512 / 1024),17
Computers,Laptops,Asus ROG Strix GL753VE-GC096T,1259,https://webscraper.io/test-sites/e-commerce/static/product/130,https://webscraper.io/images/test-sites/e-commerce/items/cart2.png,"Asus ROG Strix GL753VE-GC096T, 17.3"" FHD, Core i7-7700HQ, 8GB, 1TB + 128GB SSD, GeForce GTX 1050 Ti 4GB, Windows 10 Home, Eng kbd",7,4,HDD (128 / 256 / 512 / 1024),17
Computers,Laptops,"Apple MacBook Air 13""",1260.13,https://webscraper.io/test-sites/e-commerce/static/product/131,https://webscraper.io/images/test-sites/e-commerce/items/cart2.png,"Apple MacBook Air 13"", i5 1.8GHz, 8GB, 256GB SSD, Intel HD 6000, ENG",8,4,HDD (128 / 256 / 512 / 1024),17
Computers,Laptops,Dell Latitude 5480,1271.06,https://webscraper.io/test-sites/e-commerce/static/product/132,https://webscraper.io/images/test-sites/e-commerce/items/cart2.png,"Dell Latitude 5480, 14"" FHD, Core i7-7600U, 8GB, 1TB, GeForce GT930MX, Windows 10 Pro",13,1,HDD (128 / 256 / 512 / 1024),17
Computers,Laptops,Hewlett Packard Spectre 13-v106na Dark Ash Silver,1273.11,https://webscraper.io/test-sites/e-commerce/static/product/133,https://webscraper.io/images/test-sites/e-commerce/items/cart2.png,"Hewlett Packard Spectre 13-v106na Dark Ash Silver, 13.3"" FHD IPS, Core i5-7200U, 8GB, 256GB SSD, Windows 10 Home",8,3,HDD (128 / 256 / 512 / 1024),18
Computers,Laptops,Toshiba Portege Z30-C-16K Grey,1294.74,https://webscraper.io/test-sites/e-commerce/static/product/134,https://webscraper.io/images/test-sites/e-commerce/items/cart2.png,"Toshiba Portege Z30-C-16K Grey, 13.3"" FHD, Core i5-6200U, 8GB, 256GB SSD, 4G, Windows 10 Pro",6,1,HDD (128 / 256 / 512 / 1024),18
Computers,Laptops,MSI GL62VR 7RFX,1299,https://webscraper.io/test-sites/e-commerce/static/product/135,https://webscraper.io/images/test-sites/e-commerce/items/cart2.png,"MSI GL62VR 7RFX, 15.6"" FHD, Core i7-7700HQ, 8GB, 1TB + 256GB SSD, GeForce GTX 1060 3GB, Windows 10 Home",1,3,HDD (128 / 256 / 512 / 1024),18
Computers,Laptops,Dell Latitude 5480,1310.39,https://webscraper.io/test-sites/e-commerce/static/product/136,https://webscraper.io/images/test-sites/e-commerce/items/cart2.png,"Dell Latitude 5480, 14"" FHD, Core i7-7600U, 8GB, 256GB SSD, Windows 10 Pro",8,3,HDD (128 / 256 / 512 / 1024),18
Computers,Laptops,Hewlett Packard ProBook 640 G3,1326.83,https://webscraper.io/test-sites/e-commerce/static/product/137,https://webscraper.io/images/test-sites/e-commerce/items/cart2.png,"Hewlett Packard ProBook 640 G3, 14"" FHD, Core i7-7600U, 8GB, 256GB SSD, Windows 10 Pro",2,1,HDD (128 / 256 / 512 / 1024),18
Computers,Laptops,"Apple MacBook Pro 13"" Space Gray",1333,https://webscraper.io/test-sites/e-commerce/static/product/138,https://webscraper.io/images/test-sites/e-commerce/items/cart2.png,"Apple MacBook Pro 13"" Space Gray, Core i5 2.3GHz, 8GB, 128GB SSD, Iris Plus 640, ENG",0,1,HDD (128 / 256 / 512 / 1024),18
Computers,Laptops,Dell Latitude 5580,1337.28,https://webscraper.io/test-sites/e-commerce/static/product/139,https://webscraper.io/images/test-sites/e-commerce/items/cart2.png,"Dell Latitude 5580, 15.6"" FHD, Core i7-7600U, 8GB, 256GB SSD, GeForce GT930MX, Windows 10 Pro",6,1,HDD (128 / 256 / 512 / 1024),19
Computers,Laptops,Dell Latitude 5480,1338.37,https://webscraper.io/test-sites/e-commerce/static/product/140,https://webscraper.io/images/test-sites/e-commerce/items/cart2.png,"Dell Latitude 5480, 14"" FHD, Core i7-7600U, 8GB, 256GB SSD, Linux + Windows 10 Home",11,2,HDD (128 / 256 / 512 / 1024),19
Computers,Laptops,Dell Latitude 5580,1341.22,https://webscraper.io/test-sites/e-commerce/static/product/141,https://webscraper.io/images/test-sites/e-commerce/items/cart2.png,"Dell Latitude 5580, 15.6"" FHD, Core i7-7600U, 16GB, 256GB SSD, GeForce GT930MX, Linux",3,3,HDD (128 / 256 / 512 / 1024),19
Computers,Laptops,"Apple MacBook Air 13""",1347.78,https://webscraper.io/test-sites/e-commerce/static/product/142,https://webscraper.io/images/test-sites/e-commerce/items/cart2.png,"Apple MacBook Air 13"", Intel Core i5 1.8GHz, 8GB, 256GB SSD, Intel HD 6000, RUS",11,2,HDD (128 / 256 / 512 / 1024),19
Computers,Laptops,Lenovo ThinkPad T470,1349.23,https://webscraper.io/test-sites/e-commerce/static/product/143,https://webscraper.io/images/test-sites/e-commerce/items/cart2.png,"Lenovo ThinkPad T470, 14"" FHD IPS, Core i5-7200U, 8GB, 256GB SSD, Windows 10 Pro",5,1,HDD (128 / 256 / 512 / 1024),19
Computers,Laptops,Lenovo ThinkPad Yoga 370 Black,1362.24,https://webscraper.io/test-sites/e-commerce/static/product/144,https://webscraper.io/images/test-sites/e-commerce/items/cart2.png,"Lenovo ThinkPad Yoga 370 Black, 13.3"" FHD IPS Touch, Core i5-7200U, 8GB, 256GB SSD, 4G, Windows 10 Pro",12,2,HDD (128 / 256 / 512 / 1024),19
Computers,Laptops,Toshiba Portege X20W-D-10V Black/Blue,1366.32,https://webscraper.io/test-sites/e-commerce/static/product/145,https://webscraper.io/images/test-sites/e-commerce/items/cart2.png,"Toshiba Portege X20W-D-10V Black/Blue, 12.5"" FHD Touch, Core i7-7500U, 8GB, 512GB SSD, Windows 10 Pro",11,1,HDD (128 / 256 / 512 / 1024),20
Computers,Laptops,Asus ASUSPRO B9440UA-GV0279R Gray,1381.13,https://webscraper.io/test-sites/e-commerce/static/product/146,https://webscraper.io/images/test-sites/e-commerce/items/cart2.png,"Asus ASUSPRO B9440UA-GV0279R Gray, 14"" FHD, Core i7-7500U, 16GB, 512GB SSD, Windows 10 Pro, Eng kbd",4,1,HDD (128 / 256 / 512 / 1024),20
Computers,Laptops,Asus ROG Strix GL702VM-GC146T,1399,https://webscraper.io/test-sites/e-commerce/static/product/147,https://webscraper.io/images/test-sites/e-commerce/items/cart2.png,"Asus ROG Strix GL702VM-GC146T, 17.3"" FHD, Core i7-7700HQ, 8GB, 1TB + 128GB SSD, GeForce GTX 1060 3GB, Windows 10 Home, Eng kbd",10,3,HDD (128 / 256 / 512 / 1024),20
Computers,Tablets,Lenovo IdeaTab,69.99,https://webscraper.io/test-sites/e-commerce/static/product/10,https://webscraper.io/images/test-sites/e-commerce/items/cart2.png,"7"" screen, Android",7,3,HDD (128 / 256 / 512 / 1024),1
Computers,Tablets,Acer Iconia,96.99,https://webscraper.io/test-sites/e-commerce/static/product/11,https://webscraper.io/images/test-sites/e-commerce/items/cart2.png,"7"" screen, Android, 16GB",7,1,HDD (128 / 256 / 512 / 1024),1
Computers,Tablets,Asus MeMO Pad,102.99,https://webscraper.io/test-sites/e-commerce/static/product/12,https://webscraper.io/images/test-sites/e-commerce/items/cart2.png,"7"" screen, Android, 8GB",14,4,HDD (128 / 256 / 512 / 1024),1
Computers,Tablets,Amazon Kindle,103.99,https://webscraper.io/test-sites/e-commerce/static/product/13,https://webscraper.io/images/test-sites/e-commerce/items/cart2.png,"6"" screen, wifi",3,4,HDD (128 / 256 / 512 / 1024),1
Computers,Tablets,iPad Mini Retina,537.99,https://webscraper.io/test-sites/e-commerce/static/product/14,https://webscraper.io/images/test-sites/e-commerce/items/cart2.png,"Wi-Fi + Cellular, 32GB, Silver",8,2,HDD (128 / 256 / 512 / 1024),1
Computers,Tablets,IdeaTab A3500L,88.99,https://webscraper.io/test-sites/e-commerce/static/product/15,https://webscraper.io/images/test-sites/e-commerce/items/cart2.png,"Black, 7"" IPS, Quad-Core 1.2GHz, 8GB, Android 4.2",7,4,HDD (128 / 256 / 512 / 1024),1
Computers,Tablets,Galaxy Tab,251.99,https://webscraper.io/test-sites/e-commerce/static/product/16,https://webscraper.io/images/test-sites/e-commerce/items/cart2.png,"16GB, White",14,3,HDD (128 / 256 / 512 / 1024),2
Computers,Tablets,IdeaTab A3500-H,148.99,https://webscraper.io/test-sites/e-commerce/static/product/17,https://webscraper.io/images/test-sites/e-commerce/items/cart2.png,"Blue, 7"" IPS, Quad-Core 1.3GHz, 8GB, 3G, Android 4.2",9,2,HDD (128 / 256 / 512 / 1024),2
Computers,Tablets,Galaxy Tab 3,97.99,https://webscraper.io/test-sites/e-commerce/static/product/18,https://webscraper.io/images/test-sites/e-commerce/items/cart2.png,"7"", 8GB, Wi-Fi, Android 4.2, White",2,2,HDD (128 / 256 / 512 / 1024),2
Computers,Tablets,Galaxy Note,489.99,https://webscraper.io/test-sites/e-commerce/static/product/19,https://webscraper.io/images/test-sites/e-commerce/items/cart2.png,"12.2"", 32GB, WiFi, Android 4.4, White",9,3,HDD (128 / 256 / 512 / 1024),2
Computers,Tablets,MeMO Pad 7,130.99,https://webscraper.io/test-sites/e-commerce/static/product/20,https://webscraper.io/images/test-sites/e-commerce/items/cart2.png,"White, 7"", Atom 1.2GHz, 8GB, Android 4.4",11,1,HDD (128 / 256 / 512 / 1024),2
Computers,Tablets,Galaxy Tab 4,233.99,https://webscraper.io/test-sites/e-commerce/static/product/21,https://webscraper.io/images/test-sites/e-commerce/items/cart2.png,"LTE (SM-T235), Quad-Core 1.2GHz, 8GB, Black",1,4,HDD (128 / 256 / 512 / 1024),2
Computers,Tablets,Galaxy Tab 3,107.99,https://webscraper.io/test-sites/e-commerce/static/product/22,https://webscraper.io/images/test-sites/e-commerce/items/cart2.png,"7"", 8GB, Wi-Fi, Android 4.2, Yellow",14,2,HDD (128 / 256 / 512 / 1024),3
Computers,Tablets,Memo Pad HD 7,101.99,https://webscraper.io/test-sites/e-commerce/static/product/23,https://webscraper.io/images/test-sites/e-commerce/items/cart2.png,"IPS, Dual-Core 1.2GHz, 8GB, Android 4.3",10,2,HDD (128 / 256 / 512 / 1024),3
Computers,Tablets,Galaxy Note 10.1,587.99,https://webscraper.io/test-sites/e-commerce/static/product/24,https://webscraper.io/images/test-sites/e-commerce/items/cart2.png,"10.1"", 32GB, Black",6,2,HDD (128 / 256 / 512 / 1024),3
Computers,Tablets,MeMo PAD FHD 10,320.99,https://webscraper.io/test-sites/e-commerce/static/product/25,https://webscraper.io/images/test-sites/e-commerce/items/cart2.png,"White, 10.1"" IPS, 1.6GHz, 2GB, 16GB, Android 4.2",7,2,HDD (128 / 256 / 512 / 1024),3
Computers,Tablets,IdeaTab S5000,172.99,https://webscraper.io/test-sites/e-commerce/static/product/26,https://webscraper.io/images/test-sites/e-commerce/items/cart2.png,"Silver, 7"" IPS, Quad-Core 1.2Ghz, 16GB, 3G, Android 4.2",8,3,HDD (128 / 256 / 512 / 1024),3
Computers,Tablets,Iconia B1-730HD,99.99,https://webscraper.io/test-sites/e-commerce/static/product/27,https://webscraper.io/images/test-sites/e-commerce/items/cart2.png,"Black, 7"", 1.6GHz Dual-Core, 8GB, Android 4.4",1,3,HDD (128 / 256 / 512 / 1024),3
Computers,Tablets,IdeaTab A8-50,121.99,https://webscraper.io/test-sites/e-commerce/static/product/28,https://webscraper.io/images/test-sites/e-commerce/items/cart2.png,"Blue, 8"" IPS, Quad-Core 1.3GHz, 16GB, Android 4.2",13,2,HDD (128 / 256 / 512 / 1024),4
Computers,Tablets,Galaxy Note,399.99,https://webscraper.io/test-sites/e-commerce/static/product/29,https://webscraper.io/images/test-sites/e-commerce/items/cart2.png,"10.1"", 3G, Android 4.0, Garnet Red",12,4,HDD (128 / 256 / 512 / 1024),4
Computers,Tablets,Apple iPad Air,603.99,https://webscraper.io/test-sites/e-commerce/static/product/30,https://webscraper.io/images/test-sites/e-commerce/items/cart2.png,"Wi-Fi, 64GB, Silver",7,3,HDD (128 / 256 / 512 / 1024),4
Phones,Touch,Nokia 123,24.99,https://webscraper.io/test-sites/e-commerce/static/product/1,https://webscraper.io/images/test-sites/e-commerce/items/cart2.png,7 day battery,11,3,No specific detail available,1
Phones,Touch,LG Optimus,57.99,https://webscraper.io/test-sites/e-commerce/static/product/2,https://webscraper.io/images/test-sites/e-commerce/items/cart2.png,"3.2"" screen",11,3,No specific detail available,1
Phones,Touch,Samsung Galaxy,93.99,https://webscraper.io/test-sites/e-commerce/static/product/3,https://webscraper.io/images/test-sites/e-commerce/items/cart2.png,5 mpx. Android 5.0,3,3,No specific detail available,1
Phones,Touch,Nokia X,109.99,https://webscraper.io/test-sites/e-commerce/static/product/4,https://webscraper.io/images/test-sites/e-commerce/items/cart2.png,"Andoid, Jolla dualboot",4,4,No specific detail available,1
Phones,Touch,Sony Xperia,118.99,https://webscraper.io/test-sites/e-commerce/static/product/5,https://webscraper.io/images/test-sites/e-commerce/items/cart2.png,"GPS, waterproof",6,1,No specific detail available,1
Phones,Touch,Ubuntu Edge,499.99,https://webscraper.io/test-sites/e-commerce/static/product/6,https://webscraper.io/images/test-sites/e-commerce/items/cart2.png,Sapphire glass,2,1,No specific detail available,1
Phones,Touch,Iphone,899.99,https://webscraper.io/test-sites/e-commerce/static/product/7,https://webscraper.io/images/test-sites/e-commerce/items/cart2.png,White,10,1,No specific detail available,2
Phones,Touch,Iphone,899.99,https://webscraper.io/test-sites/e-commerce/static/product/8,https://webscraper.io/images/test-sites/e-commerce/items/cart2.png,Silver,8,2,No specific detail available,2
Phones,Touch,Iphone,899.99,https://webscraper.io/test-sites/e-commerce/static/product/9,https://webscraper.io/images/test-sites/e-commerce/items/cart2.png,Black,1,1,No specific detail available,2
